rouge1,rouge2,rougeL,rougeLsum
0.020874135475198285,0.0,0.020827535271073526,0.020495709256017146
